{
  "initial_balance": 1000,
  "final_balance": 1001.9855318699111,
  "total_return": 0.19855318699111424,
  "total_trades": 2,
  "win_rate": 50.0
}